<?xml version="1.0" encoding="utf-8"?>
<odoo>
    <data>
        <report
            id="cafe_karyawan_print"
            model="cafe.pegawai"
            string="Cafe Karyawan"
            name="cafe_print_popup.cafe_karyawan_template"
            report_type="qweb-pdf"
            print_report_name="'Cafe Karyawan - %s' % (object.name)"
            paperformat="base.paperformat_us"/>
        />
        <template id="cafe_karyawan_template">
            <t t-call="web.html_container">
                <t t-foreach="docs" t-as="doc">
                    <div>
                       <span t-esc="doc_index+1"/>. <span t-esc="doc.name"/> <span t-esc="doc.gender"/>
                    </div>
                </t>
            </t>
        </template>
    </data>
</odoo>